-- Insert hostels
INSERT INTO Hostel (hostelName, managerName, managerContact) VALUES
('Rahmat',   'Ahmed Khan',     '0300-1111111'),
('Zakaria',  'Bilal Hussain',  '0300-2222222'),
('Razi',     'Farhan Ali',     '0300-3333333'),
('Hajveri',  'Imran Qureshi',  '0300-4444444'),
('Beruni',   'Usman Khalid',   '0300-5555555'),
('Ghazali',  'Naveed Akhtar',  '0300-6666666');

INSERT INTO Users (username, password, role)
VALUES 
('ddhostel', 'nust@123', 'admin'),
('rahmat', 'rahmat@123', 'manager'),
('512452', 'student@123', 'student'),
('5', 'staff@123', 'staff');

INSERT INTO Student (CMSID, studentName, roomNo, Semester, Major, hosID) VALUES
(512451,'Hussain Khan','410',5,'SE',1),
(512452,'Yasir Qureshi','410',1,'DS',1),
(512453,'Hassan Ansari','230',1,'CS',1),
(512454,'Hassan Malik','205',1,'DS',1),
(512455,'Omar Chaudhry','329',7,'SE',1),
(512456,'Saad Ansari','211',1,'SE',1),
(512457,'Naveed Siddiqui','211',3,'SE',1),
(512458,'Khalid Sheikh','117',7,'CS',1),
(512459,'Farhan Baig','220',5,'CS',1),
(512460,'Saad Butt','121',7,'CS',1),
(512461,'Daniyal Raza','422',5,'DS',1),
(512462,'Omar Chaudhry','114',1,'SE',1),
(512463,'Hamza Sheikh','425',3,'CS',1),
(512464,'Imran Raza','304',5,'SE',1),
(512465,'Farhan Siddiqui','202',5,'CS',1),
(512466,'Jawad Abbasi','127',3,'SE',1),
(512467,'Saad Hashmi','210',3,'IT',1),
(512468,'Bilal Malik','421',1,'IT',1),
(512469,'Imran Raza','114',3,'DS',1),
(512470,'Khalid Malik','329',7,'AI',1),
(512471,'Saad Qureshi','209',3,'SE',1),
(512472,'Daniyal Butt','209',7,'DS',1),
(512473,'Imran Siddiqui','204',3,'DS',1),
(512474,'Ammar Sheikh','412',1,'CS',1),
(512475,'Usman Abbasi','126',7,'DS',1),
(512476,'Hassan Hashmi','224',7,'DS',1),
(512477,'Zaid Butt','426',1,'CS',1),
(512478,'Daniyal Mughal','210',5,'CS',1),
(512479,'Hamza Hashmi','126',7,'CS',1),
(512480,'Zaid Butt','413',3,'DS',1),
(512481,'Hussain Baig','326',5,'DS',1),
(512482,'Jawad Malik','125',5,'SE',1),
(512483,'Daniyal Mughal','313',1,'DS',1),
(512484,'Khalid Kazmi','108',1,'IT',1),
(512485,'Hamza Malik','113',3,'DS',1),
(512486,'Hassan Sheikh','409',7,'CS',1),
(512487,'Daniyal Mughal','122',3,'AI',1),
(512488,'Daniyal Qureshi','209',7,'SE',1),
(512489,'Daniyal Mughal','410',3,'IT',1),
(512490,'Imran Abbasi','330',5,'AI',1),
(512491,'Suleman Kazmi','121',3,'SE',1),
(512492,'Hassan Siddiqui','108',3,'DS',1),
(512493,'Yasir Khan','115',1,'SE',1),
(512494,'Hassan Khan','428',5,'CS',1),
(512495,'Suleman Malik','212',7,'SE',1),
(512496,'Daniyal Qureshi','409',7,'SE',1),
(512497,'Ammar Mughal','229',3,'CS',1),
(512498,'Hussain Abbasi','302',5,'AI',1),
(512499,'Naveed Kazmi','428',1,'CS',1),
(512500,'Bilal Hashmi','411',5,'CS',1),
(512501,'Yasir Malik','130',7,'SE',1),
(512502,'Naveed Qureshi','212',7,'SE',1),
(512503,'Hassan Kazmi','421',1,'CS',1),
(512504,'Daniyal Baig','107',1,'SE',1),
(512505,'Ali Hashmi','309',7,'SE',1),
(512506,'Imran Khan','127',7,'CS',1),
(512507,'Imran Raza','418',7,'IT',1),
(512508,'Naveed Chaudhry','411',7,'SE',1),
(512509,'Omar Raza','203',1,'DS',1),
(512510,'Daniyal Khan','413',5,'CS',1),
(512511,'Bilal Ansari','308',3,'CS',1),
(512512,'Suleman Sheikh','426',3,'CS',1),
(512513,'Jawad Sheikh','403',3,'AI',1),
(512514,'Hussain Ansari','207',1,'DS',1),
(512515,'Hassan Hashmi','401',5,'IT',1),
(512516,'Omar Abbasi','408',5,'SE',1),
(512517,'Zaid Hashmi','122',5,'AI',1),
(512518,'Khalid Mughal','115',1,'AI',1),
(512519,'Jawad Ansari','118',1,'DS',1),
(512520,'Omar Butt','210',3,'IT',1),
(512521,'Hassan Malik','225',5,'SE',1),
(512522,'Saad Baig','317',5,'DS',1),
(512523,'Suleman Khan','403',5,'CS',1),
(512524,'Usman Raza','120',1,'DS',1),
(512525,'Usman Raza','214',3,'IT',1),
(512526,'Omar Abbasi','329',5,'DS',1),
(512527,'Ammar Raza','428',1,'CS',1),
(512528,'Naveed Baig','213',1,'CS',1),
(512529,'Khalid Mughal','122',5,'SE',1),
(512530,'Saad Butt','411',7,'DS',1),
(512531,'Ahmed Sheikh','115',3,'DS',1),
(512532,'Bilal Baig','227',3,'AI',1),
(512533,'Usman Khan','219',5,'CS',1),
(512534,'Farhan Malik','408',3,'CS',1),
(512535,'Farhan Mughal','321',7,'DS',1),
(512536,'Usman Malik','128',3,'AI',1),
(512537,'Ahmed Qureshi','417',5,'AI',1),
(512538,'Yasir Raza','128',1,'AI',1),
(512539,'Bilal Baig','310',3,'SE',1),
(512540,'Saad Siddiqui','219',3,'SE',1),
(512541,'Ahmed Abbasi','202',7,'IT',1),
(512542,'Zaid Baig','114',5,'IT',1),
(512543,'Suleman Hashmi','408',5,'CS',1),
(512544,'Hussain Raza','201',5,'CS',1),
(512545,'Hussain Ansari','306',5,'IT',1),
(512546,'Naveed Ansari','316',1,'AI',1),
(512547,'Fahad Malik','213',1,'AI',1),
(512548,'Ahmed Butt','429',3,'IT',1),
(512549,'Naveed Sheikh','407',5,'DS',1),
(512550,'Khalid Abbasi','124',5,'DS',1),
(512551,'Hamza Abbasi','303',5,'AI',1),
(512552,'Hamza Butt','125',3,'AI',1),
(512553,'Imran Abbasi','420',3,'DS',1),
(512554,'Fahad Raza','302',1,'IT',1),
(512555,'Hamza Malik','306',5,'AI',1),
(512556,'Saad Kazmi','409',3,'DS',1),
(512557,'Ammar Mughal','427',3,'CS',1),
(512558,'Hamza Butt','406',5,'CS',1),
(512559,'Yasir Abbasi','220',3,'SE',1),
(512560,'Usman Khan','111',3,'AI',1),
(512561,'Jawad Baig','424',1,'AI',1),
(512562,'Naveed Abbasi','324',3,'AI',1),
(512563,'Ammar Hashmi','212',3,'CS',1),
(512564,'Hussain Mughal','306',3,'SE',1),
(512565,'Suleman Kazmi','112',3,'CS',1),
(512566,'Saad Qureshi','312',5,'AI',1),
(512567,'Jawad Baig','420',7,'DS',1),
(512568,'Saad Qureshi','423',7,'AI',1),
(512569,'Zaid Mughal','213',5,'DS',1),
(512570,'Ammar Abbasi','211',5,'AI',1),
(512571,'Hassan Chaudhry','220',3,'IT',1),
(512572,'Khalid Siddiqui','325',1,'SE',1),
(512573,'Usman Malik','304',3,'SE',1),
(512574,'Hassan Hashmi','308',5,'DS',1),
(512575,'Saad Hashmi','113',3,'AI',1),
(512576,'Imran Mughal','401',1,'DS',1),
(512577,'Imran Kazmi','106',5,'IT',1),
(512578,'Imran Baig','309',3,'AI',1),
(512579,'Yasir Raza','311',7,'CS',1),
(512580,'Imran Siddiqui','416',7,'SE',1),
(512581,'Saad Qureshi','406',1,'AI',1),
(512582,'Fahad Ansari','415',1,'CS',1),
(512583,'Naveed Qureshi','315',3,'CS',1),
(512584,'Zaid Hashmi','226',3,'AI',1),
(512585,'Khalid Siddiqui','429',7,'IT',1),
(512586,'Naveed Raza','118',7,'CS',1),
(512587,'Daniyal Khan','229',3,'CS',1),
(512588,'Bilal Mughal','109',3,'SE',1),
(512589,'Ahmed Ansari','128',3,'SE',1),
(512590,'Ammar Abbasi','123',3,'AI',1),
(512591,'Zaid Mughal','303',3,'DS',1),
(512592,'Jawad Chaudhry','423',1,'SE',1),
(512593,'Hamza Sheikh','402',1,'IT',1),
(512594,'Fahad Abbasi','304',7,'SE',1),
(512595,'Hassan Ansari','421',3,'CS',1),
(512596,'Hamza Baig','420',1,'DS',1),
(512597,'Bilal Siddiqui','326',7,'IT',1),
(512598,'Hassan Butt','415',5,'CS',1),
(512599,'Naveed Baig','320',1,'AI',1),
(512600,'Farhan Abbasi','316',3,'AI',1),
(512601,'Ali Chaudhry','324',5,'DS',1),
(512602,'Daniyal Mughal','319',7,'AI',1),
(512603,'Fahad Raza','227',3,'CS',1),
(512604,'Zaid Kazmi','216',7,'DS',1),
(512605,'Jawad Abbasi','305',5,'CS',1),
(512606,'Ammar Baig','227',3,'AI',1),
(512607,'Omar Siddiqui','218',5,'IT',1),
(512608,'Jawad Chaudhry','221',1,'DS',1),
(512609,'Omar Sheikh','215',7,'AI',1),
(512610,'Daniyal Mughal','215',7,'AI',1),
(512611,'Saad Mughal','108',1,'IT',1),
(512612,'Yasir Hashmi','425',3,'IT',1),
(512613,'Fahad Siddiqui','320',5,'AI',1),
(512614,'Daniyal Siddiqui','303',7,'IT',1),
(512615,'Hamza Raza','215',1,'SE',1),
(512616,'Khalid Sheikh','401',3,'SE',1),
(512617,'Omar Chaudhry','323',5,'DS',1),
(512618,'Suleman Ansari','224',1,'SE',1),
(512619,'Hamza Malik','308',3,'IT',1),
(512620,'Ahmed Chaudhry','403',3,'IT',1),
(512621,'Bilal Khan','406',5,'SE',1),
(512622,'Ammar Sheikh','107',5,'AI',1),
(512623,'Ammar Kazmi','302',3,'CS',1),
(512624,'Zaid Baig','325',1,'CS',1),
(512625,'Imran Kazmi','118',1,'SE',1),
(512626,'Usman Mughal','415',5,'CS',1),
(512627,'Yasir Sheikh','414',7,'DS',1),
(512628,'Jawad Mughal','425',3,'DS',1),
(512629,'Imran Kazmi','321',5,'DS',1),
(512630,'Naveed Raza','416',1,'DS',1),
(512631,'Hussain Mughal','208',3,'IT',1),
(512632,'Hassan Qureshi','218',3,'DS',1),
(512633,'Hassan Qureshi','106',7,'AI',1),
(512634,'Jawad Kazmi','226',1,'SE',1),
(512635,'Hamza Chaudhry','225',7,'CS',1),
(512636,'Yasir Raza','427',3,'AI',1),
(512637,'Hussain Butt','216',3,'IT',1),
(512638,'Usman Sheikh','116',3,'IT',1),
(512639,'Jawad Chaudhry','416',5,'AI',1),
(512640,'Hussain Kazmi','228',7,'IT',1),
(512641,'Suleman Butt','328',7,'CS',1),
(512642,'Jawad Khan','320',5,'DS',1),
(512643,'Zaid Khan','121',3,'DS',1),
(512644,'Fahad Khan','224',1,'SE',1),
(512645,'Ammar Butt','324',5,'SE',1),
(512646,'Fahad Hashmi','404',1,'AI',1),
(512647,'Farhan Hashmi','309',5,'CS',1),
(512648,'Ali Siddiqui','321',7,'IT',1),
(512649,'Imran Baig','423',1,'AI',1),
(512650,'Hassan Siddiqui','222',5,'CS',1),
(512651,'Imran Baig','311',1,'DS',2),
(512652,'Saad Hashmi','112',3,'DS',2),
(512653,'Farhan Ansari','412',7,'AI',2),
(512654,'Bilal Malik','210',3,'IT',2),
(512655,'Saad Chaudhry','308',1,'CS',2),
(512656,'Jawad Mughal','206',3,'IT',2),
(512657,'Daniyal Khan','316',7,'CS',2),
(512658,'Yasir Baig','120',7,'CS',2),
(512659,'Usman Kazmi','407',5,'DS',2),
(512660,'Zaid Hashmi','422',7,'AI',2),
(512661,'Yasir Kazmi','316',3,'AI',2),
(512662,'Omar Ansari','311',3,'CS',2),
(512663,'Zaid Mughal','417',7,'IT',2),
(512664,'Suleman Raza','421',1,'IT',2),
(512665,'Hamza Baig','321',7,'SE',2),
(512666,'Saad Butt','307',5,'IT',2),
(512667,'Daniyal Mughal','315',7,'AI',2),
(512668,'Khalid Baig','130',3,'DS',2),
(512669,'Imran Malik','425',7,'CS',2),
(512670,'Khalid Chaudhry','306',7,'AI',2),
(512671,'Usman Kazmi','110',3,'DS',2),
(512672,'Fahad Siddiqui','427',1,'AI',2),
(512673,'Hussain Butt','304',1,'SE',2),
(512674,'Naveed Baig','329',3,'CS',2),
(512675,'Ammar Mughal','209',5,'DS',2),
(512676,'Imran Abbasi','116',5,'DS',2),
(512677,'Imran Siddiqui','326',7,'DS',2),
(512678,'Bilal Ansari','114',3,'IT',2),
(512679,'Yasir Chaudhry','117',7,'CS',2),
(512680,'Hussain Kazmi','127',5,'CS',2),
(512681,'Bilal Siddiqui','417',1,'IT',2),
(512682,'Farhan Siddiqui','301',3,'SE',2),
(512683,'Suleman Hashmi','318',3,'SE',2),
(512684,'Ali Sheikh','324',7,'DS',2),
(512685,'Yasir Kazmi','320',3,'SE',2),
(512686,'Saad Abbasi','208',7,'IT',2),
(512687,'Ahmed Mughal','305',5,'DS',2),
(512688,'Ali Sheikh','302',5,'DS',2),
(512689,'Hamza Abbasi','230',5,'AI',2),
(512690,'Hamza Malik','225',7,'CS',2),
(512691,'Yasir Hashmi','319',5,'DS',2),
(512692,'Hamza Chaudhry','213',1,'AI',2),
(512693,'Zaid Khan','318',1,'DS',2),
(512694,'Ammar Baig','212',3,'DS',2),
(512695,'Farhan Malik','327',3,'DS',2),
(512696,'Zaid Abbasi','412',3,'CS',2),
(512697,'Bilal Raza','416',7,'CS',2),
(512698,'Fahad Siddiqui','409',3,'CS',2),
(512699,'Hamza Siddiqui','411',7,'SE',2),
(512700,'Omar Qureshi','416',5,'DS',2),
(512701,'Suleman Raza','422',3,'IT',2),
(512702,'Ammar Mughal','213',5,'CS',2),
(512703,'Saad Sheikh','124',3,'AI',2),
(512704,'Daniyal Siddiqui','117',7,'CS',2),
(512705,'Zaid Butt','121',7,'IT',2),
(512706,'Zaid Ansari','224',5,'CS',2),
(512707,'Yasir Kazmi','109',5,'DS',2),
(512708,'Yasir Abbasi','114',7,'IT',2),
(512709,'Naveed Sheikh','123',1,'CS',2),
(512710,'Hamza Kazmi','120',1,'SE',2),
(512711,'Daniyal Qureshi','225',7,'IT',2),
(512712,'Daniyal Hashmi','321',3,'AI',2),
(512713,'Hussain Baig','308',7,'IT',2),
(512714,'Bilal Chaudhry','223',3,'AI',2),
(512715,'Saad Malik','425',5,'CS',2),
(512716,'Farhan Butt','328',5,'CS',2),
(512717,'Imran Raza','130',1,'AI',2),
(512718,'Hassan Abbasi','203',1,'CS',2),
(512719,'Khalid Malik','122',3,'CS',2),
(512720,'Daniyal Malik','321',3,'SE',2),
(512721,'Khalid Mughal','124',1,'IT',2),
(512722,'Usman Qureshi','315',5,'SE',2),
(512723,'Hussain Abbasi','427',1,'SE',2),
(512724,'Ahmed Siddiqui','418',3,'DS',2),
(512725,'Khalid Khan','128',5,'CS',2),
(512726,'Usman Chaudhry','229',1,'CS',2),
(512727,'Ammar Kazmi','416',5,'DS',2),
(512728,'Fahad Sheikh','303',3,'DS',2),
(512729,'Bilal Chaudhry','418',5,'AI',2),
(512730,'Ahmed Khan','307',7,'AI',2),
(512731,'Hussain Kazmi','408',7,'CS',2),
(512732,'Hassan Siddiqui','324',3,'CS',2),
(512733,'Usman Raza','326',5,'AI',2),
(512734,'Jawad Butt','213',7,'DS',2),
(512735,'Jawad Hashmi','118',1,'DS',2),
(512736,'Omar Hashmi','304',3,'AI',2),
(512737,'Khalid Baig','305',7,'AI',2),
(512738,'Hussain Siddiqui','301',5,'IT',2),
(512739,'Farhan Qureshi','405',7,'CS',2),
(512740,'Hassan Baig','116',1,'AI',2),
(512741,'Hussain Chaudhry','412',5,'SE',2),
(512742,'Daniyal Khan','323',5,'CS',2),
(512743,'Naveed Siddiqui','403',7,'CS',2),
(512744,'Hamza Ansari','216',5,'CS',2),
(512745,'Fahad Butt','203',3,'AI',2),
(512746,'Yasir Baig','119',5,'DS',2),
(512747,'Farhan Sheikh','417',5,'DS',2),
(512748,'Yasir Mughal','301',1,'DS',2),
(512749,'Zaid Khan','129',5,'IT',2),
(512750,'Khalid Siddiqui','106',3,'SE',2),
(512751,'Fahad Abbasi','228',1,'SE',2),
(512752,'Ahmed Sheikh','415',3,'AI',2),
(512753,'Naveed Kazmi','220',3,'IT',2),
(512754,'Hamza Chaudhry','218',1,'CS',2),
(512755,'Usman Qureshi','418',1,'CS',2),
(512756,'Zaid Kazmi','403',7,'AI',2),
(512757,'Jawad Kazmi','230',5,'SE',2),
(512758,'Suleman Sheikh','221',7,'CS',2),
(512759,'Hamza Abbasi','405',7,'DS',2),
(512760,'Hamza Khan','204',7,'DS',2),
(512761,'Bilal Khan','202',5,'SE',2),
(512762,'Usman Mughal','208',5,'IT',2),
(512763,'Hussain Khan','311',7,'SE',2),
(512764,'Usman Hashmi','317',3,'DS',2),
(512765,'Daniyal Baig','405',5,'CS',2),
(512766,'Imran Baig','419',1,'AI',2),
(512767,'Ahmed Kazmi','115',5,'DS',2),
(512768,'Naveed Ansari','228',7,'IT',2),
(512769,'Hussain Hashmi','108',5,'SE',2),
(512770,'Jawad Kazmi','409',5,'CS',2),
(512771,'Naveed Baig','119',3,'AI',2),
(512772,'Fahad Hashmi','316',1,'AI',2),
(512773,'Hamza Chaudhry','220',3,'IT',2),
(512774,'Ali Sheikh','314',1,'DS',2),
(512775,'Suleman Malik','425',5,'IT',2),
(512776,'Usman Malik','119',3,'IT',2),
(512777,'Omar Qureshi','329',3,'CS',2),
(512778,'Ali Mughal','402',7,'AI',2),
(512779,'Fahad Mughal','326',7,'DS',2),
(512780,'Jawad Siddiqui','403',5,'SE',2),
(512781,'Saad Sheikh','309',7,'IT',2),
(512782,'Zaid Ansari','113',5,'DS',2),
(512783,'Hassan Raza','308',7,'CS',2),
(512784,'Bilal Siddiqui','214',1,'CS',2),
(512785,'Jawad Ansari','315',7,'AI',2),
(512786,'Fahad Butt','426',1,'AI',2),
(512787,'Fahad Abbasi','201',5,'DS',2),
(512788,'Ammar Butt','126',1,'AI',2),
(512789,'Hussain Mughal','221',1,'DS',2),
(512790,'Ali Khan','208',7,'AI',2),
(512791,'Suleman Butt','406',3,'IT',2),
(512792,'Farhan Raza','228',7,'IT',2),
(512793,'Jawad Khan','409',5,'CS',2),
(512794,'Khalid Sheikh','328',7,'IT',2),
(512795,'Zaid Chaudhry','415',3,'IT',2),
(512796,'Hassan Ansari','415',3,'IT',2),
(512797,'Hamza Abbasi','424',7,'SE',2),
(512798,'Jawad Chaudhry','116',5,'DS',2),
(512799,'Imran Abbasi','222',3,'DS',2),
(512800,'Hassan Abbasi','421',7,'DS',2),
(512801,'Farhan Khan','226',5,'SE',2),
(512802,'Omar Siddiqui','318',3,'SE',2),
(512803,'Usman Qureshi','115',5,'CS',2),
(512804,'Suleman Mughal','328',1,'IT',2),
(512805,'Jawad Qureshi','408',7,'SE',2),
(512806,'Ali Qureshi','427',3,'AI',2),
(512807,'Bilal Hashmi','226',3,'AI',2),
(512808,'Jawad Raza','310',3,'DS',2),
(512809,'Yasir Raza','314',3,'IT',2),
(512810,'Fahad Kazmi','313',5,'AI',2),
(512811,'Suleman Butt','305',3,'SE',2),
(512812,'Jawad Qureshi','211',1,'AI',2),
(512813,'Farhan Butt','121',1,'IT',2),
(512814,'Hassan Mughal','128',5,'AI',2),
(512815,'Suleman Qureshi','309',1,'SE',2),
(512816,'Saad Siddiqui','109',7,'CS',2),
(512817,'Imran Butt','227',3,'AI',2),
(512818,'Hassan Siddiqui','206',1,'IT',2),
(512819,'Hussain Baig','422',5,'SE',2),
(512820,'Usman Khan','216',7,'SE',2),
(512821,'Ammar Kazmi','413',1,'CS',2),
(512822,'Ahmed Raza','205',3,'DS',2),
(512823,'Jawad Butt','307',1,'IT',2),
(512824,'Yasir Raza','123',1,'SE',2),
(512825,'Naveed Abbasi','419',7,'CS',2),
(512826,'Hussain Baig','323',1,'DS',2),
(512827,'Fahad Malik','126',5,'AI',2),
(512828,'Ahmed Ansari','225',3,'DS',2),
(512829,'Naveed Qureshi','429',1,'DS',2),
(512830,'Farhan Sheikh','330',1,'AI',2),
(512831,'Ammar Khan','423',7,'IT',2),
(512832,'Zaid Chaudhry','108',5,'CS',2),
(512833,'Farhan Malik','428',1,'DS',2),
(512834,'Khalid Qureshi','111',5,'DS',2),
(512835,'Khalid Baig','424',3,'AI',2),
(512836,'Ammar Abbasi','201',3,'CS',2),
(512837,'Saad Khan','217',3,'CS',2),
(512838,'Omar Khan','220',5,'DS',2),
(512839,'Imran Baig','404',7,'IT',2),
(512840,'Bilal Mughal','426',3,'IT',2),
(512841,'Farhan Baig','112',5,'IT',2),
(512842,'Hussain Mughal','230',7,'AI',2),
(512843,'Saad Hashmi','224',3,'AI',2),
(512844,'Ammar Siddiqui','401',5,'CS',2),
(512845,'Naveed Sheikh','314',3,'DS',2),
(512846,'Hamza Siddiqui','121',1,'IT',2),
(512847,'Hamza Raza','322',7,'SE',2),
(512848,'Saad Siddiqui','322',1,'IT',2),
(512849,'Jawad Hashmi','216',1,'CS',2),
(512850,'Imran Siddiqui','404',3,'CS',2);



INSERT INTO MessBill (billID, CMSID, Amount, Status) VALUES
(1,512451,11600,'Paid'),
(2,512452,12280,'Unpaid'),
(3,512453,12860,'Paid'),
(4,512454,13440,'Unpaid'),
(5,512455,14020,'Paid'),
(6,512456,14600,'Unpaid'),
(7,512457,15180,'Paid'),
(8,512458,15760,'Unpaid'),
(9,512459,16340,'Paid'),
(10,512460,16920,'Unpaid'),
(11,512461,17500,'Paid'),
(12,512462,18080,'Unpaid'),
(13,512463,11600,'Paid'),
(14,512464,12280,'Unpaid'),
(15,512465,12860,'Paid'),
(16,512466,13440,'Unpaid'),
(17,512467,14020,'Paid'),
(18,512468,14600,'Unpaid'),
(19,512469,15180,'Paid'),
(20,512470,15760,'Unpaid'),
(21,512471,16340,'Paid'),
(22,512472,16920,'Unpaid'),
(23,512473,17500,'Paid'),
(24,512474,18080,'Unpaid'),
(25,512475,11600,'Paid'),
(26,512476,12280,'Unpaid'),
(27,512477,12860,'Paid'),
(28,512478,13440,'Unpaid'),
(29,512479,14020,'Paid'),
(30,512480,14600,'Unpaid'),
(31,512481,15180,'Paid'),
(32,512482,15760,'Unpaid'),
(33,512483,16340,'Paid'),
(34,512484,16920,'Unpaid'),
(35,512485,17500,'Paid'),
(36,512486,18080,'Unpaid'),
(37,512487,11600,'Paid'),
(38,512488,12280,'Unpaid'),
(39,512489,12860,'Paid'),
(40,512490,13440,'Unpaid'),
(41,512491,14020,'Paid'),
(42,512492,14600,'Unpaid'),
(43,512493,15180,'Paid'),
(44,512494,15760,'Unpaid'),
(45,512495,16340,'Paid'),
(46,512496,16920,'Unpaid'),
(47,512497,17500,'Paid'),
(48,512498,18080,'Unpaid'),
(49,512499,11600,'Paid'),
(50,512500,12280,'Unpaid'),
(51,512501,12860,'Paid'),
(52,512502,13440,'Unpaid'),
(53,512503,14020,'Paid'),
(54,512504,14600,'Unpaid'),
(55,512505,15180,'Paid'),
(56,512506,15760,'Unpaid'),
(57,512507,16340,'Paid'),
(58,512508,16920,'Unpaid'),
(59,512509,17500,'Paid'),
(60,512510,18080,'Unpaid'),
(61,512511,11600,'Paid'),
(62,512512,12280,'Unpaid'),
(63,512513,12860,'Paid'),
(64,512514,13440,'Unpaid'),
(65,512515,14020,'Paid'),
(66,512516,14600,'Unpaid'),
(67,512517,15180,'Paid'),
(68,512518,15760,'Unpaid'),
(69,512519,16340,'Paid'),
(70,512520,16920,'Unpaid'),
(71,512521,17500,'Paid'),
(72,512522,18080,'Unpaid'),
(73,512523,11600,'Paid'),
(74,512524,12280,'Unpaid'),
(75,512525,12860,'Paid'),
(76,512526,13440,'Unpaid'),
(77,512527,14020,'Paid'),
(78,512528,14600,'Unpaid'),
(79,512529,15180,'Paid'),
(80,512530,15760,'Unpaid'),
(81,512531,16340,'Paid'),
(82,512532,16920,'Unpaid'),
(83,512533,17500,'Paid'),
(84,512534,18080,'Unpaid'),
(85,512535,11600,'Paid'),
(86,512536,12280,'Unpaid'),
(87,512537,12860,'Paid'),
(88,512538,13440,'Unpaid'),
(89,512539,14020,'Paid'),
(90,512540,14600,'Unpaid'),
(91,512541,15180,'Paid'),
(92,512542,15760,'Unpaid'),
(93,512543,16340,'Paid'),
(94,512544,16920,'Unpaid'),
(95,512545,17500,'Paid'),
(96,512546,18080,'Unpaid'),
(97,512547,11600,'Paid'),
(98,512548,12280,'Unpaid'),
(99,512549,12860,'Paid'),
(100,512550,13440,'Unpaid'),
(101,512551,14020,'Paid'),
(102,512552,14600,'Unpaid'),
(103,512553,15180,'Paid'),
(104,512554,15760,'Unpaid'),
(105,512555,16340,'Paid'),
(106,512556,16920,'Unpaid'),
(107,512557,17500,'Paid'),
(108,512558,18080,'Unpaid'),
(109,512559,11600,'Paid'),
(110,512560,12280,'Unpaid'),
(111,512561,12860,'Paid'),
(112,512562,13440,'Unpaid'),
(113,512563,14020,'Paid'),
(114,512564,14600,'Unpaid'),
(115,512565,15180,'Paid'),
(116,512566,15760,'Unpaid'),
(117,512567,16340,'Paid'),
(118,512568,16920,'Unpaid'),
(119,512569,17500,'Paid'),
(120,512570,18080,'Unpaid'),
(121,512571,11600,'Paid'),
(122,512572,12280,'Unpaid'),
(123,512573,12860,'Paid'),
(124,512574,13440,'Unpaid'),
(125,512575,14020,'Paid'),
(126,512576,14600,'Unpaid'),
(127,512577,15180,'Paid'),
(128,512578,15760,'Unpaid'),
(129,512579,16340,'Paid'),
(130,512580,16920,'Unpaid'),
(131,512581,17500,'Paid'),
(132,512582,18080,'Unpaid'),
(133,512583,11600,'Paid'),
(134,512584,12280,'Unpaid'),
(135,512585,12860,'Paid'),
(136,512586,13440,'Unpaid'),
(137,512587,14020,'Paid'),
(138,512588,14600,'Unpaid'),
(139,512589,15180,'Paid'),
(140,512590,15760,'Unpaid'),
(141,512591,16340,'Paid'),
(142,512592,16920,'Unpaid'),
(143,512593,17500,'Paid'),
(144,512594,18080,'Unpaid'),
(145,512595,11600,'Paid'),
(146,512596,12280,'Unpaid'),
(147,512597,12860,'Paid'),
(148,512598,13440,'Unpaid'),
(149,512599,14020,'Paid'),
(150,512600,14600,'Unpaid'),
(151,512601,15180,'Paid'),
(152,512602,15760,'Unpaid'),
(153,512603,16340,'Paid'),
(154,512604,16920,'Unpaid'),
(155,512605,17500,'Paid'),
(156,512606,18080,'Unpaid'),
(157,512607,11600,'Paid'),
(158,512608,12280,'Unpaid'),
(159,512609,12860,'Paid'),
(160,512610,13440,'Unpaid'),
(161,512611,14020,'Paid'),
(162,512612,14600,'Unpaid'),
(163,512613,15180,'Paid'),
(164,512614,15760,'Unpaid'),
(165,512615,16340,'Paid'),
(166,512616,16920,'Unpaid'),
(167,512617,17500,'Paid'),
(168,512618,18080,'Unpaid'),
(169,512619,11600,'Paid'),
(170,512620,12280,'Unpaid'),
(171,512621,12860,'Paid'),
(172,512622,13440,'Unpaid'),
(173,512623,14020,'Paid'),
(174,512624,14600,'Unpaid'),
(175,512625,15180,'Paid'),
(176,512626,15760,'Unpaid'),
(177,512627,16340,'Paid'),
(178,512628,16920,'Unpaid'),
(179,512629,17500,'Paid'),
(180,512630,18080,'Unpaid'),
(181,512631,11600,'Paid'),
(182,512632,12280,'Unpaid'),
(183,512633,12860,'Paid'),
(184,512634,13440,'Unpaid'),
(185,512635,14020,'Paid'),
(186,512636,14600,'Unpaid'),
(187,512637,15180,'Paid'),
(188,512638,15760,'Unpaid'),
(189,512639,16340,'Paid'),
(190,512640,16920,'Unpaid'),
(191,512641,17500,'Paid'),
(192,512642,18080,'Unpaid'),
(193,512643,11600,'Paid'),
(194,512644,12280,'Unpaid'),
(195,512645,12860,'Paid'),
(196,512646,13440,'Unpaid'),
(197,512647,14020,'Paid'),
(198,512648,14600,'Unpaid'),
(199,512649,15180,'Paid'),
(200,512650,15760,'Unpaid'),
(201,512651,16340,'Paid'),
(202,512652,16920,'Unpaid'),
(203,512653,17500,'Paid'),
(204,512654,18080,'Unpaid'),
(205,512655,11600,'Paid'),
(206,512656,12280,'Unpaid'),
(207,512657,12860,'Paid'),
(208,512658,13440,'Unpaid'),
(209,512659,14020,'Paid'),
(210,512660,14600,'Unpaid'),
(211,512661,15180,'Paid'),
(212,512662,15760,'Unpaid'),
(213,512663,16340,'Paid'),
(214,512664,16920,'Unpaid'),
(215,512665,17500,'Paid'),
(216,512666,18080,'Unpaid'),
(217,512667,11600,'Paid'),
(218,512668,12280,'Unpaid'),
(219,512669,12860,'Paid'),
(220,512670,13440,'Unpaid'),
(221,512671,14020,'Paid'),
(222,512672,14600,'Unpaid'),
(223,512673,15180,'Paid'),
(224,512674,15760,'Unpaid'),
(225,512675,16340,'Paid'),
(226,512676,16920,'Unpaid'),
(227,512677,17500,'Paid'),
(228,512678,18080,'Unpaid'),
(229,512679,11600,'Paid'),
(230,512680,12280,'Unpaid'),
(231,512681,12860,'Paid'),
(232,512682,13440,'Unpaid'),
(233,512683,14020,'Paid'),
(234,512684,14600,'Unpaid'),
(235,512685,15180,'Paid'),
(236,512686,15760,'Unpaid'),
(237,512687,16340,'Paid'),
(238,512688,16920,'Unpaid'),
(239,512689,17500,'Paid'),
(240,512690,18080,'Unpaid'),
(241,512691,11600,'Paid'),
(242,512692,12280,'Unpaid'),
(243,512693,12860,'Paid'),
(244,512694,13440,'Unpaid'),
(245,512695,14020,'Paid'),
(246,512696,14600,'Unpaid'),
(247,512697,15180,'Paid'),
(248,512698,15760,'Unpaid'),
(249,512699,16340,'Paid'),
(250,512700,16920,'Unpaid'),
(251,512701,17500,'Paid'),
(252,512702,18080,'Unpaid'),
(253,512703,11600,'Paid'),
(254,512704,12280,'Unpaid'),
(255,512705,12860,'Paid'),
(256,512706,13440,'Unpaid'),
(257,512707,14020,'Paid'),
(258,512708,14600,'Unpaid'),
(259,512709,15180,'Paid'),
(260,512710,15760,'Unpaid'),
(261,512711,16340,'Paid'),
(262,512712,16920,'Unpaid'),
(263,512713,17500,'Paid'),
(264,512714,18080,'Unpaid'),
(265,512715,11600,'Paid'),
(266,512716,12280,'Unpaid'),
(267,512717,12860,'Paid'),
(268,512718,13440,'Unpaid'),
(269,512719,14020,'Paid'),
(270,512720,14600,'Unpaid'),
(271,512721,15180,'Paid'),
(272,512722,15760,'Unpaid'),
(273,512723,16340,'Paid'),
(274,512724,16920,'Unpaid'),
(275,512725,17500,'Paid'),
(276,512726,18080,'Unpaid'),
(277,512727,11600,'Paid'),
(278,512728,12280,'Unpaid'),
(279,512729,12860,'Paid'),
(280,512730,13440,'Unpaid'),
(281,512731,14020,'Paid'),
(282,512732,14600,'Unpaid'),
(283,512733,15180,'Paid'),
(284,512734,15760,'Unpaid'),
(285,512735,16340,'Paid'),
(286,512736,16920,'Unpaid'),
(287,512737,17500,'Paid'),
(288,512738,18080,'Unpaid'),
(289,512739,11600,'Paid'),
(290,512740,12280,'Unpaid'),
(291,512741,12860,'Paid'),
(292,512742,13440,'Unpaid'),
(293,512743,14020,'Paid'),
(294,512744,14600,'Unpaid'),
(295,512745,15180,'Paid'),
(296,512746,15760,'Unpaid'),
(297,512747,16340,'Paid'),
(298,512748,16920,'Unpaid'),
(299,512749,17500,'Paid'),
(300,512750,18080,'Unpaid'),
(301,512751,11600,'Paid'),
(302,512752,12280,'Unpaid'),
(303,512753,12860,'Paid'),
(304,512754,13440,'Unpaid'),
(305,512755,14020,'Paid'),
(306,512756,14600,'Unpaid'),
(307,512757,15180,'Paid'),
(308,512758,15760,'Unpaid'),
(309,512759,16340,'Paid'),
(310,512760,16920,'Unpaid'),
(311,512761,17500,'Paid'),
(312,512762,18080,'Unpaid'),
(313,512763,11600,'Paid'),
(314,512764,12280,'Unpaid'),
(315,512765,12860,'Paid'),
(316,512766,13440,'Unpaid'),
(317,512767,14020,'Paid'),
(318,512768,14600,'Unpaid'),
(319,512769,15180,'Paid'),
(320,512770,15760,'Unpaid'),
(321,512771,16340,'Paid'),
(322,512772,16920,'Unpaid'),
(323,512773,17500,'Paid'),
(324,512774,18080,'Unpaid'),
(325,512775,11600,'Paid'),
(326,512776,12280,'Unpaid'),
(327,512777,12860,'Paid'),
(328,512778,13440,'Unpaid'),
(329,512779,14020,'Paid'),
(330,512780,14600,'Unpaid'),
(331,512781,15180,'Paid'),
(332,512782,15760,'Unpaid'),
(333,512783,16340,'Paid'),
(334,512784,16920,'Unpaid'),
(335,512785,17500,'Paid'),
(336,512786,18080,'Unpaid'),
(337,512787,11600,'Paid'),
(338,512788,12280,'Unpaid'),
(339,512789,12860,'Paid'),
(340,512790,13440,'Unpaid'),
(341,512791,14020,'Paid'),
(342,512792,14600,'Unpaid'),
(343,512793,15180,'Paid'),
(344,512794,15760,'Unpaid'),
(345,512795,16340,'Paid'),
(346,512796,16920,'Unpaid'),
(347,512797,17500,'Paid'),
(348,512798,18080,'Unpaid'),
(349,512799,11600,'Paid'),
(350,512800,12280,'Unpaid'),
(351,512801,12860,'Paid'),
(352,512802,13440,'Unpaid'),
(353,512803,14020,'Paid'),
(354,512804,14600,'Unpaid'),
(355,512805,15180,'Paid'),
(356,512806,15760,'Unpaid'),
(357,512807,16340,'Paid'),
(358,512808,16920,'Unpaid'),
(359,512809,17500,'Paid'),
(360,512810,18080,'Unpaid'),
(361,512811,11600,'Paid'),
(362,512812,12280,'Unpaid'),
(363,512813,12860,'Paid'),
(364,512814,13440,'Unpaid'),
(365,512815,14020,'Paid'),
(366,512816,14600,'Unpaid'),
(367,512817,15180,'Paid'),
(368,512818,15760,'Unpaid'),
(369,512819,16340,'Paid'),
(370,512820,16920,'Unpaid'),
(371,512821,17500,'Paid'),
(372,512822,18080,'Unpaid'),
(373,512823,11600,'Paid'),
(374,512824,12280,'Unpaid'),
(375,512825,12860,'Paid'),
(376,512826,13440,'Unpaid'),
(377,512827,14020,'Paid'),
(378,512828,14600,'Unpaid'),
(379,512829,15180,'Paid'),
(380,512830,15760,'Unpaid'),
(381,512831,16340,'Paid'),
(382,512832,16920,'Unpaid'),
(383,512833,17500,'Paid'),
(384,512834,18080,'Unpaid'),
(385,512835,11600,'Paid'),
(386,512836,12280,'Unpaid'),
(387,512837,12860,'Paid'),
(388,512838,13440,'Unpaid'),
(389,512839,14020,'Paid'),
(390,512840,14600,'Unpaid'),
(391,512841,15180,'Paid'),
(392,512842,15760,'Unpaid'),
(393,512843,16340,'Paid'),
(394,512844,16920,'Unpaid'),
(395,512845,17500,'Paid'),
(396,512846,18080,'Unpaid'),
(397,512847,11600,'Paid'),
(398,512848,12280,'Unpaid'),
(399,512849,12860,'Paid'),
(400,512850,13440,'Unpaid');


INSERT INTO MessRecord (recordID, CMSID, leavingDate, arrivalDate) VALUES
(1,512482,'2025-01-03','2025-01-05'),
(2,512483,'2025-01-08','2025-01-10'),
(3,512454,'2025-01-15','2025-01-17'),
(4,512478,'2025-02-01','2025-02-03'),
(5,512490,'2025-02-10','2025-02-12'),
(6,512519,'2025-02-12','2025-02-14'),
(7,512456,'2025-01-10','2025-01-12'),
(8,512465,'2025-03-05','2025-03-06'),
(9,512467,'2025-03-14','2025-03-16'),
(10,512481,'2025-03-10','2025-03-12'),
(11,512513,'2025-04-18','2025-04-20'),
(12,512512,'2025-04-15','2025-04-16'),
(13,512502,'2025-03-25','2025-03-27'),
(14,512509,'2025-04-12','2025-04-14'),
(15,512554,'2025-04-25','2025-04-27'),
(16,512503,'2025-01-20','2025-01-22'),
(17,512523,'2025-05-20','2025-05-22'),
(18,512495,'2025-05-18','2025-05-20'),
(19,512457,'2025-02-08','2025-02-10'),
(20,512459,'2025-01-30','2025-02-01'),
(21,512520,'2025-06-15','2025-06-17'),
(22,512538,'2025-06-01','2025-06-03'),
(23,512550,'2025-06-22','2025-06-24'),
(24,512534,'2025-07-25','2025-07-27'),
(25,512473,'2025-07-14','2025-07-16'),
(26,512460,'2025-07-01','2025-07-03'),
(27,512535,'2025-08-12','2025-08-13'),
(28,512544,'2025-08-05','2025-08-07'),
(29,512518,'2025-03-22','2025-03-24'),
(30,512518,'2025-08-20','2025-08-22'),
(31,512486,'2025-05-12','2025-05-14'),
(32,512536,'2025-06-08','2025-06-10'),
(33,512547,'2025-08-15','2025-08-17'),
(34,512471,'2025-01-25','2025-01-27'),
(35,512472,'2025-02-14','2025-02-16'),
(36,512477,'2025-06-12','2025-06-14'),
(37,512479,'2025-06-22','2025-06-24'),
(38,512487,'2025-05-05','2025-05-07'),
(39,512461,'2025-03-01','2025-03-03'),
(40,512468,'2025-03-20','2025-03-22'),
(41,512490,'2025-02-28','2025-03-02'),
(42,512502,'2025-03-25','2025-03-27'),
(43,512525,'2025-05-08','2025-05-10'),
(44,512466,'2025-05-01','2025-05-03'),
(45,512474,'2025-07-02','2025-07-04'),
(46,512509,'2025-04-12','2025-04-14'),
(47,512551,'2025-04-18','2025-04-20'),
(48,512483,'2025-01-08','2025-01-10'),
(49,512460,'2025-07-01','2025-07-03'),
(50,512552,'2025-08-08','2025-08-10'),
(51,512484,'2025-01-28','2025-01-30'),
(52,512526,'2025-02-18','2025-02-20'),
(53,512461,'2025-03-01','2025-03-03'),
(54,512534,'2025-07-25','2025-07-27'),
(55,512543,'2025-07-18','2025-07-20'),
(56,512495,'2025-05-18','2025-05-20'),
(57,512539,'2025-06-12','2025-06-14'),
(58,512468,'2025-03-20','2025-03-22'),
(59,512547,'2025-08-15','2025-08-17'),
(60,512554,'2025-04-25','2025-04-27');


INSERT INTO CleaningRecord (recordID, CMSID, RequestDate, ServiceName, Status) VALUES
(1,512452,'2025-01-03','Room Cleaning','Pending'),
(2,512460,'2025-01-05','Laundry','Completed'),
(3,512465,'2025-01-07','Room Cleaning','Completed'),
(4,512471,'2025-01-10','Bathroom Cleaning','Pending'),
(5,512475,'2025-01-12','Laundry','Pending'),
(6,512480,'2025-01-14','Room Cleaning','Completed'),
(7,512485,'2025-01-16','Bathroom Cleaning','Pending'),
(8,512490,'2025-01-18','Laundry','Completed'),
(9,512495,'2025-01-20','Room Cleaning','Pending'),
(10,512500,'2025-01-22','Bathroom Cleaning','Completed'),
(11,512505,'2025-01-24','Laundry','Pending'),
(12,512510,'2025-01-26','Room Cleaning','Completed'),
(13,512515,'2025-01-28','Bathroom Cleaning','Pending'),
(14,512520,'2025-01-30','Laundry','Completed'),
(15,512525,'2025-02-01','Room Cleaning','Pending'),
(16,512530,'2025-02-03','Bathroom Cleaning','Completed'),
(17,512535,'2025-02-05','Laundry','Pending'),
(18,512540,'2025-02-07','Room Cleaning','Completed'),
(19,512545,'2025-02-09','Bathroom Cleaning','Pending'),
(20,512550,'2025-02-11','Laundry','Completed'),
(21,512555,'2025-02-13','Room Cleaning','Pending'),
(22,512560,'2025-02-15','Bathroom Cleaning','Completed'),
(23,512565,'2025-02-17','Laundry','Pending'),
(24,512570,'2025-02-19','Room Cleaning','Completed'),
(25,512575,'2025-02-21','Bathroom Cleaning','Pending'),
(26,512580,'2025-02-23','Laundry','Completed'),
(27,512585,'2025-02-25','Room Cleaning','Pending'),
(28,512590,'2025-02-27','Bathroom Cleaning','Completed'),
(29,512595,'2025-03-01','Laundry','Pending'),
(30,512600,'2025-03-03','Room Cleaning','Completed');


INSERT INTO Violation (ViolationID, CMSID, ViolationDate, Detail, Fine) VALUES
(1,512452,'2025-03-05','Arrived late at night',500.00),
(2,512470,'2025-04-12','Lost his hostel card',750.00),
(3,512481,'2025-05-20','Brought electric kettle in hostel',600.00),
(4,512498,'2025-06-08','Tried to sneak in a friend',500.00),
(5,512505,'2025-07-15','Disrespected the staff',700.00),
(6,512520,'2025-08-02','Fought with another student',2000.00);



INSERT INTO Complaints (CMSID, hosID, complaintDate, complaintTime, complaintText, status) VALUES
(512451, 1, '2025-11-01', '09:15:00', 'Leaking faucet in the bathroom.', 'Pending'),
(512452, 1, '2025-11-02', '14:30:00', 'Room heater not working.', 'Resolved'),
(512453, 1, '2025-11-03', '08:45:00', 'Wi-Fi signal is very weak.', 'Pending'),
(512454, 1, '2025-11-03', '11:20:00', 'Noise from adjacent room during night.', 'In Progress'),
(512455, 1, '2025-11-04', '10:05:00', 'Broken window latch.', 'Pending'),
(512456, 1, '2025-11-05', '16:50:00', 'Air conditioning not cooling.', 'Resolved'),
(512457, 1, '2025-11-06', '13:15:00', 'Light bulb flickering in study area.', 'Pending'),
(512458, 1, '2025-11-07', '09:40:00', 'Water pipe leaking in bathroom.', 'In Progress'),
(512459, 1, '2025-11-07', '15:10:00', 'Mosquito problem in the room.', 'Pending'),
(512460, 1, '2025-11-08', '12:00:00', 'Room door handle is loose.', 'Resolved'),
(512461, 1, '2025-11-08', '17:25:00', 'Common area lighting not functioning.', 'Pending'),
(512462, 1, '2025-11-09', '08:35:00', 'Heating schedule not followed.', 'In Progress'),
(512463, 1, '2025-11-10', '14:05:00', 'Laundry machine is broken.', 'Resolved'),
(512464, 1, '2025-11-10', '09:50:00', 'Water supply is intermittent.', 'Pending'),
(512465, 1, '2025-11-11', '11:45:00', 'Bed frame is broken.', 'Pending'),
(512466, 1, '2025-11-11', '10:30:00', 'Pest problem in the kitchen.', 'Resolved'),
(512467, 1, '2025-11-12', '13:55:00', 'Wi-Fi frequently disconnects.', 'In Progress'),
(512468, 1, '2025-11-12', '16:20:00', 'Bathroom exhaust fan not working.', 'Pending'),
(512469, 1, '2025-11-13', '09:10:00', 'Common area chairs damaged.', 'Resolved'),
(512470, 1, '2025-11-13', '15:35:00', 'No hot water in the morning.', 'Pending'),
(512471, 1, '2025-11-14', '08:25:00', 'Room door lock malfunctioning.', 'In Progress'),
(512472, 1, '2025-11-14', '12:50:00', 'Air conditioning leaking water.', 'Pending'),
(512473, 1, '2025-11-15', '14:15:00', 'Ceiling light falling.', 'Resolved'),
(512474, 1, '2025-11-15', '10:05:00', 'Heating system making noise.', 'Pending'),
(512475, 1, '2025-11-16', '11:40:00', 'Room key not working properly.', 'In Progress'),
(512476, 1, '2025-11-16', '09:20:00', 'Broken chair in study corner.', 'Resolved'),
(512477, 1, '2025-11-17', '08:50:00', 'Water pressure is low.', 'Pending'),
(512478, 1, '2025-11-17', '13:30:00', 'Curtains torn in the room.', 'Resolved'),
(512479, 1, '2025-11-18', '15:45:00', 'Floor tiles cracked in bathroom.', 'Pending'),
(512600, 1, '2025-11-18', '12:10:00', 'Room window cannot close properly.', 'In Progress');




INSERT INTO staffRole (roleID, roleName) VALUES
(1, 'Hostel Manager'),
(2, 'Lead Chef'),
(3, 'Assistant Chef'),
(4, 'Guard'),
(5, 'Caretaker'),
(6, 'Electrician'),
(7, 'Plumber'),
(8, 'Cleaner'),
(9, 'Laundry Worker'),
(10, 'Warden');

INSERT INTO staffInfo (staffID, staffName, roleID, hosID) VALUES
-- Hostel 1 Staff (1–25)
(1, 'Ahmed Khan', 1, 1),
(2, 'Bilal Hussain', 2, 1),
(3, 'Sajid Mehmood', 3, 1),
(4, 'Hamza Raza', 4, 1),
(5, 'Ali Nawaz', 5, 1),
(6, 'Usman Tariq', 6, 1),
(7, 'Rashid Ali', 7, 1),
(8, 'Imran Qureshi', 8, 1),
(9, 'Waseem Akbar', 9, 1),
(10, 'Tariq Javed', 10, 1),
(11, 'Farhan Haider', 2, 1),
(12, 'Moiz Siddiqui', 3, 1),
(13, 'Zain Khan', 4, 1),
(14, 'Shehzad Ashraf', 5, 1),
(15, 'Faisal Irfan', 6, 1),
(16, 'Yasir Malik', 7, 1),
(17, 'Khuram Shahzad', 8, 1),
(18, 'Junaid Iqbal', 9, 1),
(19, 'Shahbaz Ali', 10, 1),
(20, 'Adeel Rafiq', 4, 1),
(21, 'Hassan Jamil', 8, 1),
(22, 'Noman Arif', 3, 1),
(23, 'Zubair Khalid', 2, 1),
(24, 'Adnan Farooq', 9, 1),
(25, 'Ahsan Mahmood', 5, 1),

-- Hostel 2 Staff (26–50)
(26, 'Kamran Aziz', 1, 2),
(27, 'Rameez Ali', 2, 2),
(28, 'Shahid Khan', 3, 2),
(29, 'Irfan Bashir', 4, 2),
(30, 'Qasim Raza', 5, 2),
(31, 'Sami Ullah', 6, 2),
(32, 'Majid Aslam', 7, 2),
(33, 'Saleem Javaid', 8, 2),
(34, 'Nadeem Yousaf', 9, 2),
(35, 'Asim Mehmood', 10, 2),
(36, 'Haider Ali', 2, 2),
(37, 'Sarfaraz Nawaz', 3, 2),
(38, 'Furqan Ilyas', 4, 2),
(39, 'Zohaib Awan', 5, 2),
(40, 'Azeem Rafiq', 6, 2),
(41, 'Danish Zafar', 7, 2),
(42, 'Talha Iqbal', 8, 2),
(43, 'Rizwan Shah', 9, 2),
(44, 'Omer Qadir', 10, 2),
(45, 'Hammad Siddiqui', 4, 2),
(46, 'Waqas Akram', 8, 2),
(47, 'Jamal Raza', 3, 2),
(48, 'Kaleem Ullah', 2, 2),
(49, 'Sufyan Ghani', 9, 2),
(50, 'Sabir Ali', 5, 2);

INSERT INTO staffRecord (staffID, ArrivalDate, LeavingDate, Reason) VALUES
-- ----------------------
-- Hostel 1 (15 Records)
-- ----------------------
(1,  '2023-02-10', '2023-02-14', 'Medical check-up'),
(2,  '2023-03-01', '2023-03-05', 'Family emergency'),
(3,  '2023-04-12', '2023-04-17', 'Personal leave'),
(4,  '2023-01-20', '2023-01-25', 'Travel for documentation'),
(5,  '2023-03-18', '2023-03-23', 'Medical rest advised'),
(6,  '2023-02-05', '2023-02-10', 'Attending family wedding'),
(7,  '2023-05-01', '2023-05-06', 'Urgent house maintenance'),
(8,  '2023-04-03', '2023-04-07', 'Family event'),
(9,  '2023-06-10', '2023-06-14', 'Fever and medical leave'),
(10, '2023-03-25', '2023-03-30', 'Travelling to hometown'),
(11, '2023-05-20', '2023-05-24', 'Child illness emergency'),
(12, '2023-06-02', '2023-06-06', 'Personal commitments'),
(13, '2023-01-05', '2023-01-10', 'Mother’s medical treatment'),
(14, '2023-07-11', '2023-07-15', 'Surgery follow-up'),
(15, '2023-08-03', '2023-08-08', 'Urgent bank/official work'),

-- ----------------------
-- Hostel 2 (15 Records)
-- ----------------------
(26, '2023-02-08', '2023-02-12', 'Family medical emergency'),
(27, '2023-03-15', '2023-03-20', 'Personal leave'),
(28, '2023-04-01', '2023-04-05', 'Medical rest'),
(29, '2023-01-25', '2023-01-30', 'Trip to hometown'),
(30, '2023-03-09', '2023-03-14', 'Attending cousin’s wedding'),
(31, '2023-04-18', '2023-04-22', 'House shifting'),
(32, '2023-06-01', '2023-06-06', 'Injury recovery'),
(33, '2023-02-21', '2023-02-26', 'Important family gathering'),
(34, '2023-05-14', '2023-05-19', 'Medical check-up'),
(35, '2023-04-28', '2023-05-02', 'Travel for official documents'),
(36, '2023-06-08', '2023-06-12', 'Family emergency'),
(37, '2023-07-03', '2023-07-07', 'Personal work'),
(38, '2023-01-15', '2023-01-19', 'Hospital visit for treatment'),
(39, '2023-08-05', '2023-08-10', 'House renovation supervision'),
(40, '2023-09-02', '2023-09-06', 'Relative’s medical support');

